id,kode_provinsi,nama_provinsi,kode_kabupaten_kota,nama_kabupaten_kota,harapan_lama_sekolah,satuan,tahun
1,32,JAWA BARAT,3201,KABUPATEN BOGOR,10.28,TAHUN,2010
2,32,JAWA BARAT,3202,KABUPATEN SUKABUMI,10.08,TAHUN,2010
3,32,JAWA BARAT,3203,KABUPATEN CIANJUR,9.62,TAHUN,2010
4,32,JAWA BARAT,3204,KABUPATEN BANDUNG,10.82,TAHUN,2010
5,32,JAWA BARAT,3205,KABUPATEN GARUT,10.36,TAHUN,2010
6,32,JAWA BARAT,3206,KABUPATEN TASIKMALAYA,10.76,TAHUN,2010
7,32,JAWA BARAT,3207,KABUPATEN CIAMIS,11.75,TAHUN,2010
8,32,JAWA BARAT,3208,KABUPATEN KUNINGAN,10.84,TAHUN,2010
9,32,JAWA BARAT,3209,KABUPATEN CIREBON,10.66,TAHUN,2010
10,32,JAWA BARAT,3210,KABUPATEN MAJALENGKA,11,TAHUN,2010
11,32,JAWA BARAT,3211,KABUPATEN SUMEDANG,10.9,TAHUN,2010
12,32,JAWA BARAT,3212,KABUPATEN INDRAMAYU,10.45,TAHUN,2010
13,32,JAWA BARAT,3213,KABUPATEN SUBANG,10.59,TAHUN,2010
14,32,JAWA BARAT,3214,KABUPATEN PURWAKARTA,10.16,TAHUN,2010
15,32,JAWA BARAT,3215,KABUPATEN KARAWANG,10.76,TAHUN,2010
16,32,JAWA BARAT,3216,KABUPATEN BEKASI,10.54,TAHUN,2010
17,32,JAWA BARAT,3217,KABUPATEN BANDUNG BARAT,9.68,TAHUN,2010
18,32,JAWA BARAT,3218,KABUPATEN PANGANDARAN,-,TAHUN,2010
19,32,JAWA BARAT,3271,KOTA BOGOR,11.72,TAHUN,2010
20,32,JAWA BARAT,3272,KOTA SUKABUMI,11.55,TAHUN,2010
21,32,JAWA BARAT,3273,KOTA BANDUNG,12.41,TAHUN,2010
22,32,JAWA BARAT,3274,KOTA CIREBON,11.7,TAHUN,2010
23,32,JAWA BARAT,3275,KOTA BEKASI,12.13,TAHUN,2010
24,32,JAWA BARAT,3276,KOTA DEPOK,12.45,TAHUN,2010
25,32,JAWA BARAT,3277,KOTA CIMAHI,12.24,TAHUN,2010
26,32,JAWA BARAT,3278,KOTA TASIKMALAYA,11.85,TAHUN,2010
27,32,JAWA BARAT,3279,KOTA BANJAR,11.9,TAHUN,2010
28,32,JAWA BARAT,3201,KABUPATEN BOGOR,10.59,TAHUN,2011
29,32,JAWA BARAT,3202,KABUPATEN SUKABUMI,10.1,TAHUN,2011
30,32,JAWA BARAT,3203,KABUPATEN CIANJUR,10.07,TAHUN,2011
31,32,JAWA BARAT,3204,KABUPATEN BANDUNG,11.01,TAHUN,2011
32,32,JAWA BARAT,3205,KABUPATEN GARUT,10.52,TAHUN,2011
33,32,JAWA BARAT,3206,KABUPATEN TASIKMALAYA,11.38,TAHUN,2011
34,32,JAWA BARAT,3207,KABUPATEN CIAMIS,12.21,TAHUN,2011
35,32,JAWA BARAT,3208,KABUPATEN KUNINGAN,11,TAHUN,2011
36,32,JAWA BARAT,3209,KABUPATEN CIREBON,11,TAHUN,2011
37,32,JAWA BARAT,3210,KABUPATEN MAJALENGKA,11.08,TAHUN,2011
38,32,JAWA BARAT,3211,KABUPATEN SUMEDANG,10.93,TAHUN,2011
39,32,JAWA BARAT,3212,KABUPATEN INDRAMAYU,10.87,TAHUN,2011
40,32,JAWA BARAT,3213,KABUPATEN SUBANG,10.87,TAHUN,2011
41,32,JAWA BARAT,3214,KABUPATEN PURWAKARTA,10.26,TAHUN,2011
42,32,JAWA BARAT,3215,KABUPATEN KARAWANG,10.92,TAHUN,2011
43,32,JAWA BARAT,3216,KABUPATEN BEKASI,10.84,TAHUN,2011
44,32,JAWA BARAT,3217,KABUPATEN BANDUNG BARAT,10.09,TAHUN,2011
45,32,JAWA BARAT,3218,KABUPATEN PANGANDARAN,-,TAHUN,2011
46,32,JAWA BARAT,3271,KOTA BOGOR,11.85,TAHUN,2011
47,32,JAWA BARAT,3272,KOTA SUKABUMI,11.68,TAHUN,2011
48,32,JAWA BARAT,3273,KOTA BANDUNG,12.97,TAHUN,2011
49,32,JAWA BARAT,3274,KOTA CIREBON,12.1,TAHUN,2011
50,32,JAWA BARAT,3275,KOTA BEKASI,12.36,TAHUN,2011
51,32,JAWA BARAT,3276,KOTA DEPOK,12.46,TAHUN,2011
52,32,JAWA BARAT,3277,KOTA CIMAHI,12.76,TAHUN,2011
53,32,JAWA BARAT,3278,KOTA TASIKMALAYA,12.24,TAHUN,2011
54,32,JAWA BARAT,3279,KOTA BANJAR,12.02,TAHUN,2011
55,32,JAWA BARAT,3201,KABUPATEN BOGOR,10.91,TAHUN,2012
56,32,JAWA BARAT,3202,KABUPATEN SUKABUMI,10.73,TAHUN,2012
57,32,JAWA BARAT,3203,KABUPATEN CIANJUR,10.62,TAHUN,2012
58,32,JAWA BARAT,3204,KABUPATEN BANDUNG,11.26,TAHUN,2012
59,32,JAWA BARAT,3205,KABUPATEN GARUT,10.85,TAHUN,2012
60,32,JAWA BARAT,3206,KABUPATEN TASIKMALAYA,11.83,TAHUN,2012
61,32,JAWA BARAT,3207,KABUPATEN CIAMIS,12.83,TAHUN,2012
62,32,JAWA BARAT,3208,KABUPATEN KUNINGAN,11.4,TAHUN,2012
63,32,JAWA BARAT,3209,KABUPATEN CIREBON,11.17,TAHUN,2012
64,32,JAWA BARAT,3210,KABUPATEN MAJALENGKA,11.22,TAHUN,2012
65,32,JAWA BARAT,3211,KABUPATEN SUMEDANG,11.95,TAHUN,2012
66,32,JAWA BARAT,3212,KABUPATEN INDRAMAYU,11.11,TAHUN,2012
67,32,JAWA BARAT,3213,KABUPATEN SUBANG,11.15,TAHUN,2012
68,32,JAWA BARAT,3214,KABUPATEN PURWAKARTA,10.71,TAHUN,2012
69,32,JAWA BARAT,3215,KABUPATEN KARAWANG,11.08,TAHUN,2012
70,32,JAWA BARAT,3216,KABUPATEN BEKASI,11.05,TAHUN,2012
71,32,JAWA BARAT,3217,KABUPATEN BANDUNG BARAT,10.53,TAHUN,2012
72,32,JAWA BARAT,3218,KABUPATEN PANGANDARAN,-,TAHUN,2012
73,32,JAWA BARAT,3271,KOTA BOGOR,11.98,TAHUN,2012
74,32,JAWA BARAT,3272,KOTA SUKABUMI,12.19,TAHUN,2012
75,32,JAWA BARAT,3273,KOTA BANDUNG,13.05,TAHUN,2012
76,32,JAWA BARAT,3274,KOTA CIREBON,12.5,TAHUN,2012
77,32,JAWA BARAT,3275,KOTA BEKASI,12.43,TAHUN,2012
78,32,JAWA BARAT,3276,KOTA DEPOK,12.47,TAHUN,2012
79,32,JAWA BARAT,3277,KOTA CIMAHI,13.23,TAHUN,2012
80,32,JAWA BARAT,3278,KOTA TASIKMALAYA,12.66,TAHUN,2012
81,32,JAWA BARAT,3279,KOTA BANJAR,12.15,TAHUN,2012
82,32,JAWA BARAT,3201,KABUPATEN BOGOR,11.68,TAHUN,2013
83,32,JAWA BARAT,3202,KABUPATEN SUKABUMI,11.8,TAHUN,2013
84,32,JAWA BARAT,3203,KABUPATEN CIANJUR,11.54,TAHUN,2013
85,32,JAWA BARAT,3204,KABUPATEN BANDUNG,11.5,TAHUN,2013
86,32,JAWA BARAT,3205,KABUPATEN GARUT,11.17,TAHUN,2013
87,32,JAWA BARAT,3206,KABUPATEN TASIKMALAYA,12.29,TAHUN,2013
88,32,JAWA BARAT,3207,KABUPATEN CIAMIS,13.46,TAHUN,2013
89,32,JAWA BARAT,3208,KABUPATEN KUNINGAN,11.7,TAHUN,2013
90,32,JAWA BARAT,3209,KABUPATEN CIREBON,11.48,TAHUN,2013
91,32,JAWA BARAT,3210,KABUPATEN MAJALENGKA,11.38,TAHUN,2013
92,32,JAWA BARAT,3211,KABUPATEN SUMEDANG,12.83,TAHUN,2013
93,32,JAWA BARAT,3212,KABUPATEN INDRAMAYU,11.36,TAHUN,2013
94,32,JAWA BARAT,3213,KABUPATEN SUBANG,11.38,TAHUN,2013
95,32,JAWA BARAT,3214,KABUPATEN PURWAKARTA,11.22,TAHUN,2013
96,32,JAWA BARAT,3215,KABUPATEN KARAWANG,11.31,TAHUN,2013
97,32,JAWA BARAT,3216,KABUPATEN BEKASI,11.42,TAHUN,2013
98,32,JAWA BARAT,3217,KABUPATEN BANDUNG BARAT,11,TAHUN,2013
99,32,JAWA BARAT,3218,KABUPATEN PANGANDARAN,11.48,TAHUN,2013
100,32,JAWA BARAT,3271,KOTA BOGOR,12.1,TAHUN,2013
101,32,JAWA BARAT,3272,KOTA SUKABUMI,13.08,TAHUN,2013
102,32,JAWA BARAT,3273,KOTA BANDUNG,13.13,TAHUN,2013
103,32,JAWA BARAT,3274,KOTA CIREBON,12.58,TAHUN,2013
104,32,JAWA BARAT,3275,KOTA BEKASI,13.2,TAHUN,2013
105,32,JAWA BARAT,3276,KOTA DEPOK,13.24,TAHUN,2013
106,32,JAWA BARAT,3277,KOTA CIMAHI,13.7,TAHUN,2013
107,32,JAWA BARAT,3278,KOTA TASIKMALAYA,13.11,TAHUN,2013
108,32,JAWA BARAT,3279,KOTA BANJAR,12.29,TAHUN,2013
109,32,JAWA BARAT,3201,KABUPATEN BOGOR,11.81,TAHUN,2014
110,32,JAWA BARAT,3202,KABUPATEN SUKABUMI,12.12,TAHUN,2014
111,32,JAWA BARAT,3203,KABUPATEN CIANJUR,11.82,TAHUN,2014
112,32,JAWA BARAT,3204,KABUPATEN BANDUNG,11.74,TAHUN,2014
113,32,JAWA BARAT,3205,KABUPATEN GARUT,11.62,TAHUN,2014
114,32,JAWA BARAT,3206,KABUPATEN TASIKMALAYA,12.41,TAHUN,2014
115,32,JAWA BARAT,3207,KABUPATEN CIAMIS,13.57,TAHUN,2014
116,32,JAWA BARAT,3208,KABUPATEN KUNINGAN,12.01,TAHUN,2014
117,32,JAWA BARAT,3209,KABUPATEN CIREBON,11.6,TAHUN,2014
118,32,JAWA BARAT,3210,KABUPATEN MAJALENGKA,11.61,TAHUN,2014
119,32,JAWA BARAT,3211,KABUPATEN SUMEDANG,12.89,TAHUN,2014
120,32,JAWA BARAT,3212,KABUPATEN INDRAMAYU,11.62,TAHUN,2014
121,32,JAWA BARAT,3213,KABUPATEN SUBANG,11.44,TAHUN,2014
122,32,JAWA BARAT,3214,KABUPATEN PURWAKARTA,11.33,TAHUN,2014
123,32,JAWA BARAT,3215,KABUPATEN KARAWANG,11.64,TAHUN,2014
124,32,JAWA BARAT,3216,KABUPATEN BEKASI,11.73,TAHUN,2014
125,32,JAWA BARAT,3217,KABUPATEN BANDUNG BARAT,11.06,TAHUN,2014
126,32,JAWA BARAT,3218,KABUPATEN PANGANDARAN,11.89,TAHUN,2014
127,32,JAWA BARAT,3271,KOTA BOGOR,12.23,TAHUN,2014
128,32,JAWA BARAT,3272,KOTA SUKABUMI,13.18,TAHUN,2014
129,32,JAWA BARAT,3273,KOTA BANDUNG,13.33,TAHUN,2014
130,32,JAWA BARAT,3274,KOTA CIREBON,12.93,TAHUN,2014
131,32,JAWA BARAT,3275,KOTA BEKASI,13.28,TAHUN,2014
132,32,JAWA BARAT,3276,KOTA DEPOK,13.3,TAHUN,2014
133,32,JAWA BARAT,3277,KOTA CIMAHI,13.71,TAHUN,2014
134,32,JAWA BARAT,3278,KOTA TASIKMALAYA,13.36,TAHUN,2014
135,32,JAWA BARAT,3279,KOTA BANJAR,12.42,TAHUN,2014
136,32,JAWA BARAT,3201,KABUPATEN BOGOR,11.83,TAHUN,2015
137,32,JAWA BARAT,3202,KABUPATEN SUKABUMI,12.13,TAHUN,2015
138,32,JAWA BARAT,3203,KABUPATEN CIANJUR,11.83,TAHUN,2015
139,32,JAWA BARAT,3204,KABUPATEN BANDUNG,12.13,TAHUN,2015
140,32,JAWA BARAT,3205,KABUPATEN GARUT,11.65,TAHUN,2015
141,32,JAWA BARAT,3206,KABUPATEN TASIKMALAYA,12.44,TAHUN,2015
142,32,JAWA BARAT,3207,KABUPATEN CIAMIS,13.59,TAHUN,2015
143,32,JAWA BARAT,3208,KABUPATEN KUNINGAN,12.03,TAHUN,2015
144,32,JAWA BARAT,3209,KABUPATEN CIREBON,11.79,TAHUN,2015
145,32,JAWA BARAT,3210,KABUPATEN MAJALENGKA,11.74,TAHUN,2015
146,32,JAWA BARAT,3211,KABUPATEN SUMEDANG,12.9,TAHUN,2015
147,32,JAWA BARAT,3212,KABUPATEN INDRAMAYU,12.09,TAHUN,2015
148,32,JAWA BARAT,3213,KABUPATEN SUBANG,11.46,TAHUN,2015
149,32,JAWA BARAT,3214,KABUPATEN PURWAKARTA,11.44,TAHUN,2015
150,32,JAWA BARAT,3215,KABUPATEN KARAWANG,11.69,TAHUN,2015
151,32,JAWA BARAT,3216,KABUPATEN BEKASI,11.93,TAHUN,2015
152,32,JAWA BARAT,3217,KABUPATEN BANDUNG BARAT,11.39,TAHUN,2015
153,32,JAWA BARAT,3218,KABUPATEN PANGANDARAN,11.99,TAHUN,2015
154,32,JAWA BARAT,3271,KOTA BOGOR,12.36,TAHUN,2015
155,32,JAWA BARAT,3272,KOTA SUKABUMI,13.24,TAHUN,2015
156,32,JAWA BARAT,3273,KOTA BANDUNG,13.63,TAHUN,2015
157,32,JAWA BARAT,3274,KOTA CIREBON,12.94,TAHUN,2015
158,32,JAWA BARAT,3275,KOTA BEKASI,13.36,TAHUN,2015
159,32,JAWA BARAT,3276,KOTA DEPOK,13.54,TAHUN,2015
160,32,JAWA BARAT,3277,KOTA CIMAHI,13.73,TAHUN,2015
161,32,JAWA BARAT,3278,KOTA TASIKMALAYA,13.37,TAHUN,2015
162,32,JAWA BARAT,3279,KOTA BANJAR,12.95,TAHUN,2015
163,32,JAWA BARAT,3201,KABUPATEN BOGOR,12.05,TAHUN,2016
164,32,JAWA BARAT,3202,KABUPATEN SUKABUMI,12.18,TAHUN,2016
165,32,JAWA BARAT,3203,KABUPATEN CIANJUR,11.88,TAHUN,2016
166,32,JAWA BARAT,3204,KABUPATEN BANDUNG,12.42,TAHUN,2016
167,32,JAWA BARAT,3205,KABUPATEN GARUT,11.69,TAHUN,2016
168,32,JAWA BARAT,3206,KABUPATEN TASIKMALAYA,12.46,TAHUN,2016
169,32,JAWA BARAT,3207,KABUPATEN CIAMIS,13.65,TAHUN,2016
170,32,JAWA BARAT,3208,KABUPATEN KUNINGAN,12.04,TAHUN,2016
171,32,JAWA BARAT,3209,KABUPATEN CIREBON,12.03,TAHUN,2016
172,32,JAWA BARAT,3210,KABUPATEN MAJALENGKA,11.89,TAHUN,2016
173,32,JAWA BARAT,3211,KABUPATEN SUMEDANG,12.91,TAHUN,2016
174,32,JAWA BARAT,3212,KABUPATEN INDRAMAYU,12.2,TAHUN,2016
175,32,JAWA BARAT,3213,KABUPATEN SUBANG,11.66,TAHUN,2016
176,32,JAWA BARAT,3214,KABUPATEN PURWAKARTA,11.82,TAHUN,2016
177,32,JAWA BARAT,3215,KABUPATEN KARAWANG,11.85,TAHUN,2016
178,32,JAWA BARAT,3216,KABUPATEN BEKASI,12.23,TAHUN,2016
179,32,JAWA BARAT,3217,KABUPATEN BANDUNG BARAT,11.56,TAHUN,2016
180,32,JAWA BARAT,3218,KABUPATEN PANGANDARAN,12.02,TAHUN,2016
181,32,JAWA BARAT,3271,KOTA BOGOR,13.01,TAHUN,2016
182,32,JAWA BARAT,3272,KOTA SUKABUMI,13.38,TAHUN,2016
183,32,JAWA BARAT,3273,KOTA BANDUNG,13.89,TAHUN,2016
184,32,JAWA BARAT,3274,KOTA CIREBON,13.07,TAHUN,2016
185,32,JAWA BARAT,3275,KOTA BEKASI,13.47,TAHUN,2016
186,32,JAWA BARAT,3276,KOTA DEPOK,13.86,TAHUN,2016
187,32,JAWA BARAT,3277,KOTA CIMAHI,13.75,TAHUN,2016
188,32,JAWA BARAT,3278,KOTA TASIKMALAYA,13.4,TAHUN,2016
189,32,JAWA BARAT,3279,KOTA BANJAR,13.18,TAHUN,2016
190,32,JAWA BARAT,3201,KABUPATEN BOGOR,12.43,TAHUN,2017
191,32,JAWA BARAT,3202,KABUPATEN SUKABUMI,12.19,TAHUN,2017
192,32,JAWA BARAT,3203,KABUPATEN CIANJUR,11.89,TAHUN,2017
193,32,JAWA BARAT,3204,KABUPATEN BANDUNG,12.43,TAHUN,2017
194,32,JAWA BARAT,3205,KABUPATEN GARUT,11.73,TAHUN,2017
195,32,JAWA BARAT,3206,KABUPATEN TASIKMALAYA,12.47,TAHUN,2017
196,32,JAWA BARAT,3207,KABUPATEN CIAMIS,13.66,TAHUN,2017
197,32,JAWA BARAT,3208,KABUPATEN KUNINGAN,12.06,TAHUN,2017
198,32,JAWA BARAT,3209,KABUPATEN CIREBON,12.21,TAHUN,2017
199,32,JAWA BARAT,3210,KABUPATEN MAJALENGKA,12.18,TAHUN,2017
200,32,JAWA BARAT,3211,KABUPATEN SUMEDANG,12.93,TAHUN,2017
201,32,JAWA BARAT,3212,KABUPATEN INDRAMAYU,12.21,TAHUN,2017
202,32,JAWA BARAT,3213,KABUPATEN SUBANG,11.67,TAHUN,2017
203,32,JAWA BARAT,3214,KABUPATEN PURWAKARTA,11.89,TAHUN,2017
204,32,JAWA BARAT,3215,KABUPATEN KARAWANG,11.96,TAHUN,2017
205,32,JAWA BARAT,3216,KABUPATEN BEKASI,12.63,TAHUN,2017
206,32,JAWA BARAT,3217,KABUPATEN BANDUNG BARAT,11.79,TAHUN,2017
207,32,JAWA BARAT,3218,KABUPATEN PANGANDARAN,12.03,TAHUN,2017
208,32,JAWA BARAT,3271,KOTA BOGOR,13.37,TAHUN,2017
209,32,JAWA BARAT,3272,KOTA SUKABUMI,13.39,TAHUN,2017
210,32,JAWA BARAT,3273,KOTA BANDUNG,13.9,TAHUN,2017
211,32,JAWA BARAT,3274,KOTA CIREBON,13.08,TAHUN,2017
212,32,JAWA BARAT,3275,KOTA BEKASI,13.51,TAHUN,2017
213,32,JAWA BARAT,3276,KOTA DEPOK,13.87,TAHUN,2017
214,32,JAWA BARAT,3277,KOTA CIMAHI,13.76,TAHUN,2017
215,32,JAWA BARAT,3278,KOTA TASIKMALAYA,13.41,TAHUN,2017
216,32,JAWA BARAT,3279,KOTA BANJAR,13.19,TAHUN,2017
217,32,JAWA BARAT,3201,KABUPATEN BOGOR,12.44,TAHUN,2018
218,32,JAWA BARAT,3202,KABUPATEN SUKABUMI,12.2,TAHUN,2018
219,32,JAWA BARAT,3203,KABUPATEN CIANJUR,11.9,TAHUN,2018
220,32,JAWA BARAT,3204,KABUPATEN BANDUNG,12.64,TAHUN,2018
221,32,JAWA BARAT,3205,KABUPATEN GARUT,11.8,TAHUN,2018
222,32,JAWA BARAT,3206,KABUPATEN TASIKMALAYA,12.48,TAHUN,2018
223,32,JAWA BARAT,3207,KABUPATEN CIAMIS,13.67,TAHUN,2018
224,32,JAWA BARAT,3208,KABUPATEN KUNINGAN,12.07,TAHUN,2018
225,32,JAWA BARAT,3209,KABUPATEN CIREBON,12.22,TAHUN,2018
226,32,JAWA BARAT,3210,KABUPATEN MAJALENGKA,12.19,TAHUN,2018
227,32,JAWA BARAT,3211,KABUPATEN SUMEDANG,12.94,TAHUN,2018
228,32,JAWA BARAT,3212,KABUPATEN INDRAMAYU,12.22,TAHUN,2018
229,32,JAWA BARAT,3213,KABUPATEN SUBANG,11.68,TAHUN,2018
230,32,JAWA BARAT,3214,KABUPATEN PURWAKARTA,12.09,TAHUN,2018
231,32,JAWA BARAT,3215,KABUPATEN KARAWANG,12.07,TAHUN,2018
232,32,JAWA BARAT,3216,KABUPATEN BEKASI,13.05,TAHUN,2018
233,32,JAWA BARAT,3217,KABUPATEN BANDUNG BARAT,11.83,TAHUN,2018
234,32,JAWA BARAT,3218,KABUPATEN PANGANDARAN,12.04,TAHUN,2018
235,32,JAWA BARAT,3271,KOTA BOGOR,13.38,TAHUN,2018
236,32,JAWA BARAT,3272,KOTA SUKABUMI,13.4,TAHUN,2018
237,32,JAWA BARAT,3273,KOTA BANDUNG,14.18,TAHUN,2018
238,32,JAWA BARAT,3274,KOTA CIREBON,13.09,TAHUN,2018
239,32,JAWA BARAT,3275,KOTA BEKASI,13.76,TAHUN,2018
240,32,JAWA BARAT,3276,KOTA DEPOK,13.9,TAHUN,2018
241,32,JAWA BARAT,3277,KOTA CIMAHI,13.77,TAHUN,2018
242,32,JAWA BARAT,3278,KOTA TASIKMALAYA,13.42,TAHUN,2018
243,32,JAWA BARAT,3279,KOTA BANJAR,13.2,TAHUN,2018
244,32,JAWA BARAT,3201,KABUPATEN BOGOR,12.47,TAHUN,2019
245,32,JAWA BARAT,3202,KABUPATEN SUKABUMI,12.22,TAHUN,2019
246,32,JAWA BARAT,3203,KABUPATEN CIANJUR,11.98,TAHUN,2019
247,32,JAWA BARAT,3204,KABUPATEN BANDUNG,12.68,TAHUN,2019
248,32,JAWA BARAT,3205,KABUPATEN GARUT,11.82,TAHUN,2019
249,32,JAWA BARAT,3206,KABUPATEN TASIKMALAYA,12.52,TAHUN,2019
250,32,JAWA BARAT,3207,KABUPATEN CIAMIS,13.79,TAHUN,2019
251,32,JAWA BARAT,3208,KABUPATEN KUNINGAN,12.1,TAHUN,2019
252,32,JAWA BARAT,3209,KABUPATEN CIREBON,12.24,TAHUN,2019
253,32,JAWA BARAT,3210,KABUPATEN MAJALENGKA,12.21,TAHUN,2019
254,32,JAWA BARAT,3211,KABUPATEN SUMEDANG,12.96,TAHUN,2019
255,32,JAWA BARAT,3212,KABUPATEN INDRAMAYU,12.24,TAHUN,2019
256,32,JAWA BARAT,3213,KABUPATEN SUBANG,11.69,TAHUN,2019
257,32,JAWA BARAT,3214,KABUPATEN PURWAKARTA,12.1,TAHUN,2019
258,32,JAWA BARAT,3215,KABUPATEN KARAWANG,12.08,TAHUN,2019
259,32,JAWA BARAT,3216,KABUPATEN BEKASI,13.08,TAHUN,2019
260,32,JAWA BARAT,3217,KABUPATEN BANDUNG BARAT,11.86,TAHUN,2019
261,32,JAWA BARAT,3218,KABUPATEN PANGANDARAN,12.06,TAHUN,2019
262,32,JAWA BARAT,3271,KOTA BOGOR,13.4,TAHUN,2019
263,32,JAWA BARAT,3272,KOTA SUKABUMI,13.46,TAHUN,2019
264,32,JAWA BARAT,3273,KOTA BANDUNG,14.19,TAHUN,2019
265,32,JAWA BARAT,3274,KOTA CIREBON,13.11,TAHUN,2019
266,32,JAWA BARAT,3275,KOTA BEKASI,13.99,TAHUN,2019
267,32,JAWA BARAT,3276,KOTA DEPOK,13.91,TAHUN,2019
268,32,JAWA BARAT,3277,KOTA CIMAHI,13.79,TAHUN,2019
269,32,JAWA BARAT,3278,KOTA TASIKMALAYA,13.44,TAHUN,2019
270,32,JAWA BARAT,3279,KOTA BANJAR,13.22,TAHUN,2019
271,32,JAWA BARAT,3201,KABUPATEN BOGOR,12.48,TAHUN,2020
272,32,JAWA BARAT,3202,KABUPATEN SUKABUMI,12.23,TAHUN,2020
273,32,JAWA BARAT,3203,KABUPATEN CIANJUR,11.99,TAHUN,2020
274,32,JAWA BARAT,3204,KABUPATEN BANDUNG,12.69,TAHUN,2020
275,32,JAWA BARAT,3205,KABUPATEN GARUT,11.91,TAHUN,2020
276,32,JAWA BARAT,3206,KABUPATEN TASIKMALAYA,12.53,TAHUN,2020
277,32,JAWA BARAT,3207,KABUPATEN CIAMIS,14.06,TAHUN,2020
278,32,JAWA BARAT,3208,KABUPATEN KUNINGAN,12.22,TAHUN,2020
279,32,JAWA BARAT,3209,KABUPATEN CIREBON,12.25,TAHUN,2020
280,32,JAWA BARAT,3210,KABUPATEN MAJALENGKA,12.22,TAHUN,2020
281,32,JAWA BARAT,3211,KABUPATEN SUMEDANG,12.97,TAHUN,2020
282,32,JAWA BARAT,3212,KABUPATEN INDRAMAYU,12.25,TAHUN,2020
283,32,JAWA BARAT,3213,KABUPATEN SUBANG,11.7,TAHUN,2020
284,32,JAWA BARAT,3214,KABUPATEN PURWAKARTA,12.11,TAHUN,2020
285,32,JAWA BARAT,3215,KABUPATEN KARAWANG,12.09,TAHUN,2020
286,32,JAWA BARAT,3216,KABUPATEN BEKASI,13.09,TAHUN,2020
287,32,JAWA BARAT,3217,KABUPATEN BANDUNG BARAT,11.87,TAHUN,2020
288,32,JAWA BARAT,3218,KABUPATEN PANGANDARAN,12.07,TAHUN,2020
289,32,JAWA BARAT,3271,KOTA BOGOR,13.41,TAHUN,2020
290,32,JAWA BARAT,3272,KOTA SUKABUMI,13.47,TAHUN,2020
291,32,JAWA BARAT,3273,KOTA BANDUNG,14.2,TAHUN,2020
292,32,JAWA BARAT,3274,KOTA CIREBON,13.12,TAHUN,2020
293,32,JAWA BARAT,3275,KOTA BEKASI,14,TAHUN,2020
294,32,JAWA BARAT,3276,KOTA DEPOK,13.92,TAHUN,2020
295,32,JAWA BARAT,3277,KOTA CIMAHI,13.8,TAHUN,2020
296,32,JAWA BARAT,3278,KOTA TASIKMALAYA,13.45,TAHUN,2020
297,32,JAWA BARAT,3279,KOTA BANJAR,13.23,TAHUN,2020
298,32,JAWA BARAT,3201,KABUPATEN BOGOR,12.49,TAHUN,2021
299,32,JAWA BARAT,3202,KABUPATEN SUKABUMI,12.24,TAHUN,2021
300,32,JAWA BARAT,3203,KABUPATEN CIANJUR,12,TAHUN,2021
301,32,JAWA BARAT,3204,KABUPATEN BANDUNG,12.7,TAHUN,2021
302,32,JAWA BARAT,3205,KABUPATEN GARUT,12.03,TAHUN,2021
303,32,JAWA BARAT,3206,KABUPATEN TASIKMALAYA,12.54,TAHUN,2021
304,32,JAWA BARAT,3207,KABUPATEN CIAMIS,14.2,TAHUN,2021
305,32,JAWA BARAT,3208,KABUPATEN KUNINGAN,12.23,TAHUN,2021
306,32,JAWA BARAT,3209,KABUPATEN CIREBON,12.27,TAHUN,2021
307,32,JAWA BARAT,3210,KABUPATEN MAJALENGKA,12.23,TAHUN,2021
308,32,JAWA BARAT,3211,KABUPATEN SUMEDANG,12.98,TAHUN,2021
309,32,JAWA BARAT,3212,KABUPATEN INDRAMAYU,12.26,TAHUN,2021
310,32,JAWA BARAT,3213,KABUPATEN SUBANG,11.71,TAHUN,2021
311,32,JAWA BARAT,3214,KABUPATEN PURWAKARTA,12.12,TAHUN,2021
312,32,JAWA BARAT,3215,KABUPATEN KARAWANG,12.1,TAHUN,2021
313,32,JAWA BARAT,3216,KABUPATEN BEKASI,13.1,TAHUN,2021
314,32,JAWA BARAT,3217,KABUPATEN BANDUNG BARAT,11.88,TAHUN,2021
315,32,JAWA BARAT,3218,KABUPATEN PANGANDARAN,12.08,TAHUN,2021
316,32,JAWA BARAT,3271,KOTA BOGOR,13.42,TAHUN,2021
317,32,JAWA BARAT,3272,KOTA SUKABUMI,13.58,TAHUN,2021
318,32,JAWA BARAT,3273,KOTA BANDUNG,14.21,TAHUN,2021
319,32,JAWA BARAT,3274,KOTA CIREBON,13.13,TAHUN,2021
320,32,JAWA BARAT,3275,KOTA BEKASI,14.1,TAHUN,2021
321,32,JAWA BARAT,3276,KOTA DEPOK,13.93,TAHUN,2021
322,32,JAWA BARAT,3277,KOTA CIMAHI,13.81,TAHUN,2021
323,32,JAWA BARAT,3278,KOTA TASIKMALAYA,13.46,TAHUN,2021
324,32,JAWA BARAT,3279,KOTA BANJAR,13.24,TAHUN,2021
325,32,JAWA BARAT,3201,KABUPATEN BOGOR,12.5,TAHUN,2022
326,32,JAWA BARAT,3202,KABUPATEN SUKABUMI,12.25,TAHUN,2022
327,32,JAWA BARAT,3203,KABUPATEN CIANJUR,12.01,TAHUN,2022
328,32,JAWA BARAT,3204,KABUPATEN BANDUNG,12.71,TAHUN,2022
329,32,JAWA BARAT,3205,KABUPATEN GARUT,12.15,TAHUN,2022
330,32,JAWA BARAT,3206,KABUPATEN TASIKMALAYA,12.59,TAHUN,2022
331,32,JAWA BARAT,3207,KABUPATEN CIAMIS,14.28,TAHUN,2022
332,32,JAWA BARAT,3208,KABUPATEN KUNINGAN,12.24,TAHUN,2022
333,32,JAWA BARAT,3209,KABUPATEN CIREBON,12.28,TAHUN,2022
334,32,JAWA BARAT,3210,KABUPATEN MAJALENGKA,12.24,TAHUN,2022
335,32,JAWA BARAT,3211,KABUPATEN SUMEDANG,12.99,TAHUN,2022
336,32,JAWA BARAT,3212,KABUPATEN INDRAMAYU,12.27,TAHUN,2022
337,32,JAWA BARAT,3213,KABUPATEN SUBANG,11.78,TAHUN,2022
338,32,JAWA BARAT,3214,KABUPATEN PURWAKARTA,12.13,TAHUN,2022
339,32,JAWA BARAT,3215,KABUPATEN KARAWANG,12.19,TAHUN,2022
340,32,JAWA BARAT,3216,KABUPATEN BEKASI,13.11,TAHUN,2022
341,32,JAWA BARAT,3217,KABUPATEN BANDUNG BARAT,11.89,TAHUN,2022
342,32,JAWA BARAT,3218,KABUPATEN PANGANDARAN,12.11,TAHUN,2022
343,32,JAWA BARAT,3271,KOTA BOGOR,13.43,TAHUN,2022
344,32,JAWA BARAT,3272,KOTA SUKABUMI,13.59,TAHUN,2022
345,32,JAWA BARAT,3273,KOTA BANDUNG,14.23,TAHUN,2022
346,32,JAWA BARAT,3274,KOTA CIREBON,13.14,TAHUN,2022
347,32,JAWA BARAT,3275,KOTA BEKASI,14.11,TAHUN,2022
348,32,JAWA BARAT,3276,KOTA DEPOK,13.94,TAHUN,2022
349,32,JAWA BARAT,3277,KOTA CIMAHI,13.82,TAHUN,2022
350,32,JAWA BARAT,3278,KOTA TASIKMALAYA,13.47,TAHUN,2022
351,32,JAWA BARAT,3279,KOTA BANJAR,13.25,TAHUN,2022
352,32,JAWA BARAT,3201,KABUPATEN BOGOR,12.64,TAHUN,2023
353,32,JAWA BARAT,3202,KABUPATEN SUKABUMI,12.38,TAHUN,2023
354,32,JAWA BARAT,3203,KABUPATEN CIANJUR,12.03,TAHUN,2023
355,32,JAWA BARAT,3204,KABUPATEN BANDUNG,12.73,TAHUN,2023
356,32,JAWA BARAT,3205,KABUPATEN GARUT,12.16,TAHUN,2023
357,32,JAWA BARAT,3206,KABUPATEN TASIKMALAYA,12.63,TAHUN,2023
358,32,JAWA BARAT,3207,KABUPATEN CIAMIS,14.29,TAHUN,2023
359,32,JAWA BARAT,3208,KABUPATEN KUNINGAN,12.26,TAHUN,2023
360,32,JAWA BARAT,3209,KABUPATEN CIREBON,12.41,TAHUN,2023
361,32,JAWA BARAT,3210,KABUPATEN MAJALENGKA,12.26,TAHUN,2023
362,32,JAWA BARAT,3211,KABUPATEN SUMEDANG,13.01,TAHUN,2023
363,32,JAWA BARAT,3212,KABUPATEN INDRAMAYU,12.29,TAHUN,2023
364,32,JAWA BARAT,3213,KABUPATEN SUBANG,11.91,TAHUN,2023
365,32,JAWA BARAT,3214,KABUPATEN PURWAKARTA,12.18,TAHUN,2023
366,32,JAWA BARAT,3215,KABUPATEN KARAWANG,12.2,TAHUN,2023
367,32,JAWA BARAT,3216,KABUPATEN BEKASI,13.17,TAHUN,2023
368,32,JAWA BARAT,3217,KABUPATEN BANDUNG BARAT,11.91,TAHUN,2023
369,32,JAWA BARAT,3218,KABUPATEN PANGANDARAN,12.3,TAHUN,2023
370,32,JAWA BARAT,3271,KOTA BOGOR,13.45,TAHUN,2023
371,32,JAWA BARAT,3272,KOTA SUKABUMI,13.6,TAHUN,2023
372,32,JAWA BARAT,3273,KOTA BANDUNG,14.24,TAHUN,2023
373,32,JAWA BARAT,3274,KOTA CIREBON,13.16,TAHUN,2023
374,32,JAWA BARAT,3275,KOTA BEKASI,14.12,TAHUN,2023
375,32,JAWA BARAT,3276,KOTA DEPOK,13.96,TAHUN,2023
376,32,JAWA BARAT,3277,KOTA CIMAHI,13.84,TAHUN,2023
377,32,JAWA BARAT,3278,KOTA TASIKMALAYA,13.49,TAHUN,2023
378,32,JAWA BARAT,3279,KOTA BANJAR,13.27,TAHUN,2023
